{
    "description": "level 2",
    "function": "test_tools.run_uninformed_search_for_sokoban",
    "comparator": "test_tools.compare_search_results_for_sokoban",
    "input_args": [
        "'search.DepthFirstSearch'",
        "SokobanProblem.from_file('levels/level2.txt')"
    ],
    "comparison_args": [
        "[('URDDLLLDDLLUUUURDDLDDRUUDDLUUUURRDDRRUURDDDDLUDRUULLLDDLLUUURDLDDRUDLUUUURRDDULDLDDRUDLUURRLDDRUURLDDLLUUUURRDDRRDDRUUDDLUULLLDDRUURRUURDDLDDRUDLUULLDDLLUUUURRDDLDDRUDLLUUUURDDRR', 4552), ('RDLRDDLUULRRUULDDLLRRRDDLUULLUULLDRDRRRRUULDRDLLLUULLDDRRRRURDUULDDLLUULLDRDLDRURRRDDRUULUURDULDDLLUULLDRDLDRDRUULUURDULLDRDRR', 1579), ('RDLLLDDLLUUURDLDRDRUDLLUUUURRDDRRRDDLUULLLDDRUURRRUULDDRDDLURULLLDDLLUUUURRDDULDLDDRUDRULUDRUDDLLUUUURRDDUULLDRURDLDRLDDRUURRDRULLLDDLLUUUURRDDRRUURDDLDDRULULLLDDRUDLLUURRR', 5446), ('RDLRDDLUULLRRRUULDDLLUULLDDRURDRRRDDLURULLLUULLDDRRRRURDLLLUULLDDDRDRUURRDDRUULUURDLDLLLUURDULLDDRRR', 1887)]",
        "'levels/level2.txt'"
    ]
}